unique ID,category
yes,conversational
x b c b c find hcf x l c x,academic_servable
x x,junk
given tan β co θ tan α begin array l rightarrow frac co theta frac tan alpha tan beta text appli componendo dividendo rightarrow frac co theta co theta frac tan alpha tan beta tan alpha tan beta rightarrow tan left frac theta right frac sin alpha beta sin alpha beta end array,academic_non_servable
identifi chiral molecul follow,academic_servable
b know z z x z x z ofscre begin array c text x z x z x z end array b text b begin align quad left right x z x x z x z x z x z left right end align,academic_non_servable
plese help scienc project,general
full chapter explain,general
min w integ exercis q question subject given number line temperatur differ place written begin tabular r c hline place temperatur left circ mathbf c right hline hline lahulsp hline hline srinagar multicolumn c hline hline shimla hline hline ooti hline hline bengaluru hline end tabular full solut reveal answer check 三 δ,academic_non_servable
म,junk
give answer question,conversational
whether appli bsc nurs neet,general
embib mean,junk
que cnet,conversational
kg man goe aroumnd earth satellit weihgt ina asayellit,junk
ud,junk
pepper,junk
make nation europ aristocraci new middl class,general
kiran need piec red wool sock knit piec metr bought wool much wool left,academic_non_servable
iiiiiiiiiiii write three step involv mechan acid catalys dehydr ethanol ethen b luca reagent class atcohiot produc turbid room temperatur phenol manufactur cumen process b explain kolb reaction equat formaldehyd react concentr alkali heat name reaction b identifi reagent x use follow convers type carboxyl acid undergo hell volhard zelinski hvz reaction explain reaction exampl b among formic acid acet acid weaker acid explain carbylamin reaction equat b anilin prepar nitrobenzen c give iupac name trimethylamin,academic_servable
find vedio deriv physic chapter magnet effect current,academic_servable
sorri sar call,conversational
want materi class student,conversational
studi rotat motion physic class effici,general
b,junk
iv fact hew fact projectil everi projectil experi one signal forc ii veloc due graviti horizont veloc projectil remain uniform increc throughout flight may zero also thus pre projectil ever experi acceler uniform horizont direct vertic acceler everi projectil g path projectil parabol except equati project along vertic direct case straight line horizont vertic motion horizont projectil independ vertic type projectil projectil bodi upon forc graviti act forc graviti act term projectil number,academic_servable
quention draw curv frac x x x x plea mention step,academic_servable
perimet squar find length find breadth perimet rectan c find side sual side c find rectangl,academic_servable
padmakar ke pdo ki vyakhya,junk
nffipp,junk
एक म द कर स स रत य ज त त ह प रत य क उख ल क ब द ग द अपन पर ष छछ ल क आध स द ई तब सहचय ह अच द एहल एम ल क इग छछलत ह इतयह य पहल और प चक उह ल क ब ए स स द इ र क य क गय अए म द र वर ह म म म,academic_servable
potato cup experi use osmosi,academic_servable
kya mein class mein jo half year aur term exam school conduct karvata hai usk mark add hote hai,academic_non_servable
hope,general
handi,junk
want meet googl meet doubt,conversational
teacher hand work unabl see,general
refer given venn diagram among follow would like x z respect,academic_servable
llb,general
r r π r r r r r π r r r π r linear mass densiti rod b length vari distanc x end rod given λ λ x λ constant distanc centr mass rod end b uniform disc mass radius r roll without slip horizont surfac veloc v kinet energi disc v v v,academic_servable
wait min,conversational
find area segment circl radius cm wide central angl degre,academic_servable
small docx mass stivit thictiontess whine elan move upward constant acceler block remain eren height acoeter,academic_servable
direct place two direct call corner observ corner hous classroom corner mani corner fill tabl corner east south south west west north north east draw direct corner chart display class room draw villag citi name thing place present direct hıw free distribut govern,academic_non_servable
mark overal perform t eamcet full test t eamcet,general
carboxyl acid,academic_servable
,junk
viscos,junk
block mass attach massless spring spring constant k block connect two block mass use two massless pulley string acceler block shown figur system releas rest spring unstretch state maximum extens spring x follow option correct g acceler due graviti neglect friction x g k b spring achiev extens x first time speed block connect spring g k e extens x spring magnitud acceler block connect spring g,academic_servable
neet describ,general
judg equival resist follow connect parallel ω ω b ω ω ω electr lamp ω toaster resist ω water filter resist ω connect parallel v sourc resist electr iron connect sourc take much current three applianc current advantag connect electr devic parallel batteri instead connect seri three resistor resist ω ω ω connect give total resist ω b ω highest b lowest total resist secur combin four coil resist ω ω ω ω,academic_non_servable
one follow case α hydrogen abstract treatment one equival base b c,academic_servable
bxbchc,junk
,junk
ok bye sir,conversational
plea tell snap syllabus,general
want answer th grade english,general
giiff,junk
ask problem group,conversational
help olmpaid exam,conversational
math,conversational
,junk
download physic solut class part one,general
physiotherapi divis indan state,academic_servable
hi sir,conversational
element mathemat ix given figur x point side l n l n l x x n x line drawn parallel l meet n z prove ar l z ar quad mzyx n c e r e x e p l r given figur b c parallelogram f point side join b f extend intersect c produc e show ar b e ar c f e prove b e median b c show b e divid triangl two triangl equal area ar b e c find ar b c an c median b e b c intersect g prove ar g b ar g c e point side b b c mid point c prove ar c ar c b ar b c,academic_non_servable
repeat th even pas,general
mani doubt,conversational
j,junk
want ask syllabus c tet paper sir plea ask,conversational
math,conversational
yo,conversational
defin co ordin geometri,academic_servable
methanol use,academic_servable
,junk
want practic mathemat chapter polynomi,general
foto edit app,junk
plea send one teacher clear doubt,conversational
physic class oscil,general
domain sec x r,junk
indian,academic_servable
k n c g n k g f k q q γ f e f g g γ similar invers squar law f γ act alang line join centr differ f e requlrr well atract f g alway atract f g independ medion fe depord upon,academic_servable
open u tube contain mercuri c water pour one arm tube mercuri rise arm initi level c c c qif c c,academic_servable
plea send messag,conversational
platihelminth,junk
unit digit two digit number ten digit product number sum digit follow two number number lie द अ क य स ख य म इक ई क अ क दह ई क अ क स अध क ह तथ स ख य और उसक अ क क य ग क ग णनफल ह वह स ख य न म न म स क न द स ख य ओ क ब च स थ त ह ग और b और c और और,academic_servable
uk,junk
exercis follow frequenc distribut give month consumpt electr consum local find median mean mode data compar begin tabular c c hline month consumpt unit number consum hline hline hline hline end tabular median distribut given find valu x,academic_non_servable
gland hormon function chart,academic_servable
q r अ तर e अन e એम ज व द य तभ र भ ह छ न ब ह झ व द य त क ष त त व ત श न य थ य त न अ तर श ध e व द य तભ રथ r e व द य तભ રथ r e व द य तભભરથ r e व द य तભ रथ r,academic_servable
find subject,academic_servable
ui,junk
give video social scienc ch art modern india,general
kya aap ncrt physic unit ki video privid krr sktay hoo,academic_servable
name,conversational
bureau higher secondari physic mention caus copper loss transform cbse sampl paper rmis valu peak valu resistor altern current amper chse phase differ choke coil place seri voltag current lcr seri circuit electr lamp c circuit caus reson cbse,academic_servable
need expert,conversational
tell short note solut class,general
hi want chang cours nbcc,conversational
hered evolut l begin array l text mon sat text pm end array,academic_servable
knvs institut technolog banglor,general
,junk
bodi connect string cross topmost point vertic circl critic speed tangenti acceler topmost point,academic_servable
identifi term factor express given x ii x iii x iv x z x z v x z z x vi x b x c x vii x x viii x x z,academic_non_servable
स ट इल क प स ल,junk
applic open,academic_servable
screen visibl,academic_servable
ask,conversational
fluid mechan straight object type question figur show stream water emerg faucet neck fall figur show two level separ vertic distanc h cross section area mark figur rate water flow tap begin array l a_ u_ a_ v_ frac u_ f mathrm cost end array sqrt sqrt g h g h b g h c g h g h,academic_servable
plea call samruth sir,junk
good night,conversational
ask doubt,conversational
question explain factor multipl,academic_servable
batao,conversational
class new mathemat today book pdf,general
fill blank cycl natur process continu take place earth level groundwat earth surfac given place known rainwat also flow stream river call water water use dig well hand pump wast industri releas water,academic_non_servable
yes an,conversational
provid c languag note book,general
mean despot,academic_servable
tell equat chapter integr,academic_servable
okay,junk
accitv d direct acc pecrat ace disction four ape f f tue p speewh c c tw vi sbeedub ace speed slowdown ret ign veloc tue erepores direct motion sign acc ondicut direct accelerelion veloc acceleract thave sign magnitod celoc espe reas andif opposit sign magnitud qeloc ie speed decrerisin,academic_servable
,junk
go,conversational
hindi tail,conversational
jvig,junk
ever wonder caus peopl becom measur shorter age,academic_servable
b throw pair dic altenn till one get total win find respect probabiltt vin start first,academic_non_servable
depart pre univers educ karnataka model question paper puc physic begin tabular l time durat hr minut hline instruct part compulsori end tabular answer without relev diagnam figur circuit wherev necessari carri mark direct answer numer problem without write relev formula detail solut carri mark part l answer ten follow question name domain physic includ phenomenon laboratori astronom scale strongest fundament forc natur defin displac particl write magnitud k angl project rang projectil maximum state aristotelian law motion mention express centr mass system two particl lie straight line given materi steel bris copper elast magnus effect give mean sublim mention si unit thermal conduct write statement zeroth law thermodynam factor mean free path gas molecul depend give exampl period motion free oscil part b ii answer five follow question write number signific figur distinguish scalar vector centripet acceler give express mention two advantag friction state explain hook law write express capillari rise liquid explain term convert c fahrenheit kelvin scale temperatur mention degre freedom monatom molecul ii diatom molecul draw graph repres variat displac ii variat veloc time particl undergo shm node antinod stand wave,academic_non_servable
hat,junk
reson,junk
unit vector parallel line form intersect plane r iˆ jˆ kˆ x z,academic_servable
relat physic subject,general
अपन ज ञ न क पर क षण कर म ल व क रय अध न यम बह व कल प य प रश न अव तन क व क र त क म ल क प रगमन म ठहर व क अध क र क वल वह ह त ह जह ग र हक द व ल य ह ज त ह b क मत द न स मन करत ह c कपटप र ण क र य करत ह उपर क त सभ एक अव तन क व क र त क प स अध क र ह क वल म ल क प रत b क वल ग र हक क प रत c म ल और ग र हक द न क प रत उपर य क त क ई भ नह क स पर स थ त क अ तर गत अव तन क व क र त अपन ग रहण ध क र क अध क र क ख द त ह व ब धन स b जह व क र त क ग रहण ध क र क अध क र क म फ कर द य c जह ग र हक य उसक एज ट क न न र प स म ल क कब ज प र प त करत ह उपर य क त म स क ई भ जब अव तन क व क र त व हक स म ल क स थ अलग ह गय ह और ग र हक द व ल य ह गय ह त वह प रय ग कर सकत ह ग रहण ध क र क अध क र b प रगमन म ठहर व क अध क र c प नर व क रय क अध क र उपर य क त क ई भ नह ग रहण ध क र क अध क र क स र ह b कब ज बन ए रखन म ल स प र द करन उपर य क त क ई भ नह c कब ज प न प र प त करन न म नल ख त म स क न स अध क र एक अव तन क व क र त द व र ग र हक क प रत प रय ग क य ज सकत ह ज द व ल य नह ह b प रगमन म ठहर व क अध क र ग रहण ध क र क अध क र उपर य क त क ई भ नह c और b द न अन ब ध क उल ल घन क स थ त म न म नल ख त म स क न स अध क र ग र हक क व क र त क ख ल फ ह स प र दग न करन क ल ए व द b व श ष ट न ष प दन क ल ए व द c व र ट क उल ल घन क ल ए हर ज न क ल ए व द उपर य क त सभ,academic_servable
femal reproduct system,academic_servable
subject cover scienc technolog,general
woman start home market speed take min return vehicl speed take time min find averag speed,academic_servable
singular matrix adj b cot θ co θ cot θ co θ sin θ co θ sin θ co,academic_servable
,junk
sir,conversational
oxygen show mani oxid state,academic_servable
compass needl get deflect brought near bar magnet,academic_servable
photosynthesi,junk
plea hindi main answer de,conversational
tatti,junk
describ characterist use coke explain process format petroleum follow tabl show total power,academic_servable
thank mam,conversational
add anoth account,academic_servable
,junk
xxxxxx,junk
physic class,conversational
electron configur zinc,academic_servable
व कल प क चयन क ज य व द य त च म बक य प र रण म प र र त व द य त व हक बल न म न स स वत त र ह त ह फ लक स म पर वर तन c फ र क स ख य ल ज क न यम स ब ध त ह b समय क ण डल क प रत र ध आव श स रक षण क न यम स b ऊर ज स रक षण क न यम स c द रव यम न स रक षण क न यम स स व ग स रक षण क न यम स प र र त ध र क द श ज ञ त क ज त ह n c n व ध त च म बक य प र रण क ख ज क थ b n n व ध य त च म बक य ऐम प यर न c फ ल म ग न b फ र ड न ओर स ड न द ह नर b फ र ड c ब वर ट स ल ह नर म त रक ह ध र त क b च बक य क ष त र क c च बक य फ लक स क प र रकत व क,academic_servable
newer version app avail updat later topic mem e stanl ifl,conversational
neet prepar,general
plese explain traingl law vector adit,academic_servable
nni band requir,academic_non_servable
evalu co x co α sin x sin α x,academic_servable
got rank t eamcet belong bc categori non local student t predict cse clgs list,general
given two statement one label assert label reason r assert particular point defect ionic solid electr neutral even cation miss unit cell reason r ionic solid frenkel defect aris due disloc cation lattic site interstiti site maintain overal electr neutral light statement choos appropri answer option given r correct r correct explan r correct r correct explan correct r correct correct r correct,academic_non_servable
want biolog classif chapter video,general
kya hai,junk
question potenti energi,academic_servable
vggg,junk
iam new th student,general
happen one focus neet abl write subject exam proper feel demotiv time work realli hard also make proper target chps get proper result,academic_non_servable
plea tell entranc exam conduct mba agricultur,general
cut jan shift paper jee main,general
send paper,general
an right,conversational
perform,junk
find ha g atom g nilrogan,academic_servable
vi,junk
articl lectur,junk
cisf hcm symbol subject,junk
student forgot add reaction mixtur round bottom flask c instead place flask flame lap time realiz mistak use pyromet found temperatur flask c fraction air would expel,academic_non_servable
p sill wifi embib free sign career cartographi overview educ begin tabular c c hline namalai univers master scienc chennai msc geoinformat hline indian institut tech geomat irvey map msc geospati hyderabad scienc hline indian institut various cours hline hnolog bombay hline end tabular creat free account ask doubt get free app,academic_non_servable
th comput,conversational
class syllabus come,general
tank,junk
free cost,academic_servable
jame killer,junk
star solar system,academic_servable
class physic import topic rajasthan board plea sir,general
plea prashnpatra,conversational
plz sove,conversational
condom,junk
sorri,conversational
see later,conversational
what,junk
karna kay hai,junk
n x x n b n c n n b c n relat prime b c b c b c b c none,academic_servable
find valu sin ii tan,academic_servable
physic model base electr light,academic_servable
fu,junk
n n,junk
app pe pais dene nhi pdte kya,general
pg bhu svdv,junk
tho man le earli ninetyenth centuri uak whe un thad condit roll top sever pie ene tod chamsili mend scorch mark ori whe h go litl money thought could pald man brought back wotkrom back gagag began work onchustma eve fremov roll top complet pull drawer veneer lift almost everywher,academic_non_servable
sir kannda bidi,conversational
good embib,conversational
hey,junk
एक घन भ क आयतन एक घन क आयतन क ग न ह द व क व म य स म स म और स भ ह त घन क स प र ण प ष ठ क ष त रफल anonym quiz वर ग स म वर ग सम वर ग स म वर ग स म answer,academic_servable
pls stop link,conversational
chala jaa,junk
plea call kigiy,conversational
v left x x right text व ल ट x म टर पर व द य त क ष त र क त व रत क म न ह v l एक सम व भव सतह तथ व द य त क ष त र क बल र ख लम बव त कभ एक द सर क नह क टत ह पर क टत ह पर क टत ह ब न द x z पर व द य त व भव पर क टत ह v x x z ह इस ब न द पर व द य त क ष त र e ह ग e x z j x k x z e x j x k x z e z j x z k z e x z j x k z x खण ड e एक कण क व द य त स थ त ज ऊर ज क स आव श क प रभ व म एक ब न द आव श q क ब न द स ब न द b तक व भ न न पथ क अन द श ल ज न म क य गय क र य क म न ह ग पथ क ल ए अध क पथ क ल ए अध क सभ पथ क ल ए सम न पथ क ल ए कम एक इल क ट र न v व द य त व भव क ष त र म गत श ल ह ज उच च व भव क ष त र v म प रव श कर ज त ह त इल क ट र न क गत ज ऊर ज म पर वर तन सम न प त ह ग v v v v v v v v v एक इल क ट र न क व र म वस थ स एक ब न द ज स पर व भव व ल ट ह स द सर ब न द जह व भव व ल ट ह ल ज न म क य गय ह ग e v e v e v e v इल क ट र न गन म इल क ट र न व भव न तर v क द व र त वर त ह त ह यद इल क ट र न क आव श व द रव यम न क रमश e और ह त प र प त क य गय अध कतम व ग ह ग e v e v e v v e,academic_servable
solv hc verma,conversational
french slave trade,academic_servable
iam complet ssc,general
allelopathi effect,academic_servable
one word substitut,academic_servable
hi video mein samjhaen mujh kuchh padha likha nahin hun isliy mujh samajh mein nahin rahi hai,conversational
avail merit scholarship kiit deem univers btech direct second year admiss,academic_servable
solv,conversational
ask expert,conversational
polynomi x factor x b x c x x,academic_servable
b c equal perpendicular line segment b see show c bisect b,academic_servable
start part ii chemistri भ ग ii रस यन व ज ञ न section contain singl choic question question choic b c one correct इस खण ड म एक व कत म प रश न ह प रत य क प रश न क स क त क य प रक र hydroxid ion produc base call slake lime complet dissoci acid b b c c basic number hydroxid ion form क ष र क द व र उत पन न ह न व ल ह इड र क स इड आयन क स ख य क acid आयन करण पर बनन व ल ह दड र क स इड आयन क स ख य क य ह ग अम ल यत b अन ल यत c अम ल ल यत अम ल यत sheep herbivor prefer grass leav obtain wool sheep rear hair cut process wool sheep rear mani part countri wool certain breed sheep thick coat hair bodi yield good qualiti wool larg quantiti woollan shawl breed sheep use found state india respect patanwadi gujarat b rampur bushair punjab c nali jammu kashmir lohi himach pradesh म ड श क ह र स ज घ स क पत त य ख त ह ऊन प र प त करन क ल ए भ ड क प ल ज त ह क ब ल क क ट lohi himach pradesh ज त ह और ऊन म पर वर त त क य ज त ह ऊन उत प दन क ल ए भ ड क हम र द श क बह त स भ म म प ल ज क ह एक उन नत क श म क म ड अपन शर र पर बह त ह पतल ब ल रखत ह ज अच छ ग णबत त व ल उन ह त ह प टनव ड ग जर त ल ह ह म चल प रद श c न ल जम म एव कस म र,academic_non_servable
p p z z x x x z z z x x x x n n n,junk
plea send answer kannada,conversational
send,conversational
mitosi miosi,academic_servable
pic follow number would digt unit iivi mani natur number lie th b c wethout ad find sum epress sum odd number,academic_non_servable
english summari pdf send,conversational
form comedk session,academic_servable
sir commerc,conversational
math,conversational
রস মত ন র প রত ব ত ঢ ল ক ক বল,conversational
x x,junk
vapour densiti metal chlorid oxid contain metal atom weight metal b c,academic_servable
answer exam,conversational
thank much good bye,conversational
fare proceed,junk
sin x,academic_servable
last date submit entri igcs student zone academ year,junk
hdejd,junk
scienc chapter,conversational
collect inform line climat b natur veget c wildlif,academic_servable
nead vido polynom function,academic_servable
oxid reduct,academic_servable
ol,junk
hfr plasmid,junk
mid night visitor,junk
,junk
ok buddi,conversational
altitud equilater triangl skip intro speed x qualiti p download w bookmark,academic_servable
यद x त x x b c,academic_servable
good night good,conversational
,junk
ask mbbi type question do ab t bodi mass place tabl earth pull bodi forc mg take forc action reaction ask question avoid type error without error bodi mass place bodi place tabl earth tabl pull bodi pull bodi forc take forc mg take forc forc action action reaction reaction ask complet miss question word punctuat,academic_servable
x x,junk
topic art pencil shade bend shade mark cut,academic_servable
wast bot,academic_servable
paytil payment cashback receiv doom karo paytm wallet link jun transact id updat paytm wallet balanc view passbook need help,academic_servable
rhodophycea cyanobacteria colour red,academic_servable
paper,general
eamcet chapter wise weightag,general
term p 攵 b c valu sin θ θ b c n p mid point line segment join point b valu b c find valu k system equat x x k infinit mani solut b c whint valu k k k k consecut term p b c root equat x p x real p b p c p p direct question number,academic_servable
msg,conversational
differenti voluuta,academic_servable
pubg,junk
mne job krna hai,junk
mixtur dihydrogen dioxygen one bar pressur contain weight dihydrogen calcul partial pressur dihydrogen,academic_servable
ctrut actual sun nat chang posit earth move see variaus chang sun eit lowiest dawn dusk highess atroon pol experi sise manth day six manth night soustherin hemipher tillt away fram sun sunray reach peyond intarct cird thes caus cortin chark houn six month southern hemispain c northern hemispher haw summer beyand frctic circl continow dafight fot havi manth,academic_non_servable
answer q p r,conversational
formula tor potenti use negait efiet sent p e n l b e z e r n f n e h e c l e u l n r e g u r e e l exampl figur b show field line poettiv negat point charg respect b figur give sign potenti differ v p v q v b v b give sign potenti energi differ small negat charg point q p b c give sign work done field move small posit charg q p give sign work done extern agenc move small negat charg b,academic_servable
import question,junk
bengali,junk
factor coval bond depend,academic_servable
teueuchgj,junk
ক হল,junk
block mass move horizont circl wall cylindr room radius r floor room block move smooth friction coeffici wall block μ block given initi speed v function speed v write normal forc wall block b friction forc wall c tangenti acceler block integr,academic_servable
oho,junk
fb q rr mid point side bcca ab triangl ad perpendicular bc prove pqr day concycl,academic_servable
plea stop,conversational
jee ki prepar kais kar sakta hu,general
plea send link english teacher playlist,conversational
q b rxn n l litr find reactant ofter minut,academic_servable
name metal present common salt,academic_servable
note qr code video solut select question given section ncert base mcqs ratio tension string massless ncert pg two block mass k g k g connect massless spring shown acceler k g block toward right acceler k g block ncert pg valu f diagram π,academic_servable
attend live class embib,general
ko bola mein nonsan pta ni kya kya bhej diya,conversational
kya kar rahe ho aap,conversational
anoth question,conversational
djdx,junk
भ त क पर वर तन अस थ य क य ह त ह,academic_servable
difficult jee advanc exam,general
conduct wire frame place magnet field direct paper magnet field increas constant rate direct induc current wire b c b c b b c c b c b c section b emf induc move rod rotat ring disc figur show isoscel triangl wire frame apex angl equal π frame start enter region uniform magnet field b constant veloc v longest side frame perpendicular direct veloc instantan current frame choos altern show correct variat time,academic_servable
focal length,academic_servable
an,conversational
h,junk
tank,junk
advertis write,academic_servable
jee sampl paper embib,general
pls answer earlier question,conversational
उ स य ज असल ल य ध त च क ल ऊ द सज य व त सच य आवर त मध ल ध त सद श ए त सन य आवर त मध ल अध त ए स य ज असल ल द न म लद रव य म पर व न ष क य व य मलद रव य च उपय ग श ध,academic_servable
co x co x,academic_servable
क mर anyetasa ioctricin न जदम ज pan nich n n स डi n,junk
r n c h c h h b r product predomin product r n c h c h b r c h c h n r r b r reaction,academic_servable
omg,junk
व षय ह द म डल ट स ट प पर समय घ ट प र ण क ल ख त मo अ क न ट सभ प रज हल करन अन व र ष ह आ तर क म ल प कन अ क न म रत ख त बह व कल व क प रक ष क उत तर द भ ग क स अल प प शब द क स ध शब द न न ए क सवल प ख स वल प ग सवलप घ स वलप 因 द न क न ष व ग रह क समस त पद ह ग क द न न ध ख द न न य ग द न न ष घ द नन ध wi न र धन शब द क भ वव चक स त र ह क न रथनत ख न रथनत ग न र धनत घ न र धनत ज गल शब द क पर य पव च शब द ह क वन ख क नन ग अरण प घ उपर य क त सभ ii न म नल ख त बह वक कल य क प रभ र क उत तर द x भ त क द ह कव त क आध र पर बत ए क सच य म त र क क य पहच न ह ii म र ज य ल ए मरत ह कव त म र म ल क सक प रश स कर रह ह क स न क क ख न त ओ क ग क स न क घ सम क iii श थ त क ह दयय प ठ क आध र पर बत ए क ब ढ मन हर स ह क न म क प ड क सक प स ग रव थ iv भम क कमर लघ कप क आध र पर बत ए क बस त क पड सन क न थ क र शम ख बह ग न कर न घ द द iii न म नल ख त पद य श क ध य नप र वक पढ और प छ गए प रह क उत तर द x हम र ज य ल ए मरत ह सच य र ज य परन त हम र कर षक ह करत ह ज नक ख त म ह अन र क न अध क उनस सम पन न पल सह त व चरत ह व भव व भव भरत ह हम र ज य ल ए मरत ह प रस त त प क त य क न स कव त म स ल गई ह क हम र ज य ल ए मरत ह ख ग त खग ग जड क म स क न घ न त क द ह ii व स तव क र ज य क न करत ह क धन ल ग ख गर ब ल ग ग क स न घ ब र ल ग iii पद य श म आए कर षक शब द क क य अर थ ह क क स न ख म र ख ग मज र घ न त iv उपर य क त पद य श क क द र य भ व क य ह क क स न क ज वन क प रश र स ख क स न क गर ब क ज क र ग न त ल ग क ज वन क प रश र स घ र ज ओ क ज वन क प रश स iv न म रल ख त बह व कल प क प रभ र क उत तर द x ज भर आन म ह वर क क य अर थ ह क म श क ल क म ख ईर ष प प र ण ब त करन ग ब र तरहपर ज त करन घ मन व य क ल ह न ii द ध क ध ल म ह वर क क य अर थ ह क इज ज त बच ल न ख थ ड स सह र ग अत यध क थक ज न घ ब ल क ल न ष प प न ष कल क न र द ष iii न क कर दर य म ड ल ल क क त क क य अर थ ह क प रस द ध क अन स र ग ण नह न ख क स क उपक र करक उस जत न नह च ह ए ग अध र ज ञ न ह न क रक ह त ह घ व र ध क च ल समझन v न म रत ख त गय थ व क ध य नप र वक पड और प छ गए प रज क उत तर द प ज ब क स स क त क भ रत य स स क त म महत वप र ण स थ न ह प ज ब क धरत पर च र व द क रचन ह ई यह प र च नतम स न य घ ट क सभ यत क जन म ह आ यह ग र ओ क पव त र धरत ह यह ग र न नक द व ज स ल कर ग र ग ब न द स ह ज तक दस ग र ओ न,academic_servable
line ab ac ad ar parallel line l point b c r are_,academic_servable
begin array l text min squar text matric determin exercl text question text singl choic text left begin array ccc x n x n x n x n x n x x n end array right foral x r end array n n valu explan given begin array l left begin array ccc x n x n x n x n x n x x n end array right foral r end array take x common last row aet,academic_non_servable
hue find thre rationel hunb er,academic_servable
porn,junk
explain,academic_servable
q evalu q sum edg cube c find volum mani time volum cuboid becom height doubl keep length breadth q factor x x section iv q find area rhombus whose one side measur c one diagon c anjali goe shop buy radio cost rate gst tell shopkeep reduc price radio extent pay inclus g find reduct need price radio three number ratio sum cube find number page,academic_non_servable
भबडठखजडज ञब,junk
q fallow sentenc direct speech canvert int indirect speech chees right optian three salesman said interest scheme salesman said interest scheme b salesman said interest scheme c salesman ask interest scheme salesman ask interest scheme ii monica said finish homework monica said finish ber bomework b monica said finish bomework c monica said finish bomework monica said finish bomework iii mathew said go school nest year mathew said would go school year b mathew said would go school follow year c mathew said would come school year mathew said would come school year iv rahul said came tomerrow afternoen take boek rahul said come tomorrow aftemoon take hook b rahul said would come tomorrow aftemon take book c rahul said would come next day aftemoon take book rahul said would come next day afternoon take book,academic_non_servable
two number respect third number first number percentag second number b c e,academic_servable
respir,general
want ask general question,conversational
plea send model paper class hp board,general
chapter includ class scienc final exam,general
hindi doubt,conversational
poet creat earth poem heaven earth infecti japan lesson japan brazil travel eye pavement brazil decor lesson japan brazil travel eye long roof bicycl repair apprentic lesson voter expand pap lesson voter name arivoli activist wrote cycl song lesson wheel unicef sanction arivoli woman activist lesson wheel ii answer eight follow choos least two poetri paragraph word romeo glorifi beauti juliet describ situat led author alter death sentenc lesson dear crimin refus go prison lesson dear attitud parent toward child accord speaker poem child fictiti stori gonzalo spin name cousin play sunni morn give account chang life style owner arriv old man lesson dear strategi tammanna adopt destroy basavaiah lesson garden heaven lie poet tri explain poem heaven earth bow complic process georg mike portray essay vivo yeot ak akash aug e,academic_non_servable
ask general doubt,conversational
okay,junk
get satisfi result,conversational
name bhateri th,conversational
mean imag,academic_servable
want sassi,conversational
sainik school guess paper class,general
,junk
q b l c median b c show thet b l c b c,junk
happi diwali,conversational
class cbsepdf,general
area sheet requir make box ii cost sheet sheet measwi ng cost r,academic_servable
aisa english ka paper,general
,junk
,junk
v,junk
hindi madeym,conversational
quadrilater four angl equal find measur angl,academic_servable
b resolv partial fraction frac x x x,academic_servable
need math tutor make concept clear,general
load fetch account detail,junk
posit bodi chang time x second averag veloc bodi first,academic_servable
,junk
view result,academic_servable
mai zenith public school kaa hon,academic_servable
परस म पद ल लक र लट लक र वर तम कर द लक र भ त र ii ल ट लक र भर भ iii व ध ल ड लक र iv ल ट लक र अ v begin array l text rightarrow text लट लक र text इ text पहच न end array,academic_non_servable
scienc lesson,general
sst book avail,general
th juli session jee main paper,general
defin revolutari motion,academic_servable
sec θ tan θ,academic_servable
short answer question parallelogram car c x x find x,academic_servable
प रश न सह ज ड म ल इऐ अ द ब ज ल ड ल व ध प र ट न क ख ज ऑक स करण अपचयन द न व द य त ॠण त मकत र ख य अष टक न यम न य ल ड b e c l फ ल र न र ड क स अभ क र य ज ल ड ल व ध न इट र जन क आकलन प स कल प रश न एक व क य म उत तर ल ख य ppm प र ट स पर म ल यन क स त र ल ख ए ii क स कक षक म द श त मक प रभ व नह ह त ह iii आवर त म ब ए स द ए ज न पर आयनन व भव पर क य प रभ व पड ग iv na ब न स न ज व ल म क न स र ग द त ह v ब ज न क अण म क तन स ग म और क तन प ई बन ध उपस थ त ह त ह vi ए थ ल प क य ह vii म र श ग स म म ख यत क न स ग स ह त ह प रश न म ल न प त स त र क स कहत ह अथव क स प रक र हम स द ध कर ग क हव म श रण ह य ग क क नह प रश न द रव यम न स रक षण क न यम क द रव यम न तथ ऊर ज क स रक षण न यम ब लन ज य द सह ह क स अथव स म त अभ क रक क य ह प रश न ग र म भ र म इल क ट र न क स ख य क पर कलन क ज ए अथव प वल स द ध त म अपवर जन शब द क उपय ग क य ह त ह प रश न क पर प रत च बक य ह जबक क पर ii अन च बक य ह क रण द ज ए अथव ह ड क न यम क अध कतम बह लत क न यम क य कहत ह प रश न एक ह वर ग म उपस थ त तत व क भ त क और र सयन क ग णधर म सम न ह त ह क य अथव n क आयनन क एन य ल प स ज य द ह त ह क य प रश न n h तथ n f म क स अण क द व ध र व आघ र ण अध क ह त ह और क य अथव c u ध त व द य त क स च लक ह क न त c u गल त अवस थ अथव जल य व लयन अवस थ म ह स च लक ह क य प रश न प र रण क और एल क ट र म र क प रभ व म द अ तर ल ख ए अथव क र य त मक सम ह सम वयवत क एक उद हरण द कर समझ इय प रश न आक स क रक क य ह अथव अपच यक क पर भ ष त कर,academic_servable
electromagnet induct,general
ye btay,junk
ask_general_quest,junk
speed,junk
mathemat,junk
ssc gd constabl previous paper ssc mt previous paper download pdf ssc gd constabl previous paper download pdf ssc cgl previous paper download pdf ssc cgl free mock test latest pattern ssc chsl free mock test latest pattern ssc stenograph previous paper latest pattern ssc gd constabl free mock test latest pattern ssc mt free mock test latest pattern ssc cpo free mock test latest pattern ssc gd free video youtub,general
ok thank repli,conversational
send video prepar soya bean explan hindi languag,conversational
lesson,junk
thank much sir,conversational
math subject,conversational
histori mark b geographi mark viii overal choic question paper howev intern choic provid question one choic question attempt ix addit separ instruct given section question wherev necessari section multipl choic question q follow method water conserv relat recharg hand pump b recharg abandon dugwel c recharg roofwat b arrang follow event relat format britain nation chronolog order act union england scotland ii english parliament seiz power monarchi iii ireland forcibl incorpor unit kingdom iv cathol revolt british domin iii ii iv b v c iv ii v complet follow tabl correct inform regard cultiv cotton begin tabular c c c l hline multirow cotton cultiv season temperatur requir growth degre soil grow cline high b hline end tabular kharif b black soil b rabi b black soil c zaid b alluvi soil rabi b alluvi soil follow statement option correct nation poland poland partit th centuri ii poland rule russia polish languag use weapon struggl russian domin iii end poland sentiment nation among polish peopl end well code,academic_non_servable
wan na ask u bam,conversational
use kannada,conversational
say sigma,junk
equival resist point n ω b ω c ω ω h f p,junk
separ room hous hous big hall differ room use differ work peter hous peter stand door front behind left right peter hous identifi write space provid front hous left side hous behind hous right side hous observ around hous write answer space provid front hous left side thehous behind hous right side hous,academic_non_servable
math problem,conversational
problem solv young dosag calcul drug dosag child certain pharmaceut drug adult dose g young dosag say child dose c x x x age child calcul dosag medicin year old child b rewrit function form c x h k c explain seri transform,academic_servable
make flow chart short note biolog quick revis,academic_servable
north east fronterrateway cuti roster onranoya stathon rerrk,academic_servable
ssc show fast page,general
mane samjatu nathi,junk
two particl mass k g k g project top tower simultan k g mass project speed angl horizont k g project horizont acceler centr mass system two particl g g g,academic_servable
select english subject class,general
welcom,conversational
th biolog cheatsheet,conversational
okay thank,junk
question subject,conversational
lim_π cotx cosx π x cube,general
यद क स ध र व द व र ड ल गई छ य क ल ब ई ध र व क ल ब ई स ग न ह त स र य क उन नयन क ण ह,academic_servable
hindi mock test,general
rcise rick ω true sentenc correct lumin object sourc light light travel speed k per second opaqu object form clear shadow read sentenc page illumin light form energi even candl light energi solar energi includ heat light sun lunar eclips occur portion earth shadow fall moon solar eclips occur earth block sun prevent sunlight reach portion earth,academic_non_servable
q classifi sentenc activ voic passiv voic mark wrote lotter poor help modi li math problem solv mohan sonali tea sister reward given peopl king god help help investig preced polic,academic_non_servable
ζ n n,junk
tell join math class,general
doubt social studi,conversational
follow diagon relationship l g assert reason question direct question follow question two statement given assert reason r mark answer r true r correct c al na incorrect statement among follow c first ionis potenti al le r true r b second potenti g greater b r true r correct reason c either r correct r correct first ionis energi sodium second lonis potenti na first ionis potenti n le follow element belong c l nobl gase highest ionis k energi respect period nobl gase stabl electron gd r nobl gase arrang follow order alkali metal easili reduc increas size r alkali metal low valu c l c r ionis energi period tabl,academic_non_servable
forum class,general
p l b b,junk
,junk
download pdf point rememb,junk
iiit colleg,junk
cllas ka boad agjam ka rijelt kab ayga,conversational
mathemat,junk
want st year chemistri chapter structur atom basic concept chemistri import question mark question answer,general
r u respond,conversational
ધ રણ ગ જર ત ચ પટર,junk
give geometr gepresent equat give geometr represent eduat one variabl,academic_servable
pt nh cl ptcl want iupac name,academic_servable
want question chemistri chapter carbon compund,general
yes sir,conversational
math bhejo,conversational
yes,conversational
note,conversational
म य मह न क क स द न बज तक क त पम न न च क स रण म प रदर श त begin tabular c c c c c c c c c c hline multicolumn c प व व हन multicolumn c अपर हल hline hline hline end tabular म रण क आ कड क आध र पर आल ख ख च ए,academic_servable
say energi photon frequenc v given e h v h planck constant momentum photon p h λ λ wavelength photon may conclud veloc light equal,academic_servable
sine rule,academic_servable
certain code certain number symbol candid requir understand pattern solv problem base pattern,academic_non_servable
see see assign parent,conversational
xwhrhqq,junk
math basic formula,general
q choos correct answer mark calcium oxid react vigor water produc slake lime mathrm cao mathrm mathrm h _ mathrm mathrm l rightarrow mathrm ca mathrm oh _ mathrm aq reaction classifi combin reaction b exotherm reaction c endotherm reaction displac reaction follow correct option c b c c c b ii p b c u c l p b c l c u reaction exampl combin reaction b redox reaction c displac reaction decomposit reaction iii correct order reactiv follow metal k n c l f e b f e c n k j c n k c f e l f e n k c iv sodium carbon decahydr bleach powder b wash soda c gypsum bake soda v caicium oxychiorid bleach powder b wash soda c gypsum bake soda vi c h c h h substanc get reduc c b h c c h,academic_non_servable
join aerospac engeen th,conversational
call,conversational
botani stomato open close,academic_servable
আরশ ল র শ বসনতন ত র র স ক ষ প ত বর ণন কর,junk
syllabus english languag,general
begin align log log sqrt log log log log log x log therefor quad x end align exercis determin valu follow log ii log iv log write follow express log n find valu,academic_non_servable
c h c h h e c h c h n half cell potenti v p h calcul half cen pot p h c h c h c h c h h,academic_servable
q quien begin array l p r cdot r p end array year yomonth,academic_servable
ball releas top tower ratio workdon forc graviti nd motion thge ball,junk
পর জ জ ঞ স করব,junk
,junk
sara bana leya ha hai sir,conversational
ob ob,junk
,junk
ffffd,junk
told,conversational
एक क म क द न म कर सक त ह ज स b अक ल द न म कर सकत ह क द व र क म आर भ क ए ज न क द न ब द b उसम श म ल ह आ त क ल क तन द न म क म प र ह आ,academic_servable
ok thanku,conversational
english chapter indigo,conversational
integr applic integr differenti equat vector algebra three dimension geometri linear program join probabl total,academic_servable
group,academic_servable
want know detail kendiya vidyalaya,junk
sum first p term ap q sum first q term p find sum first p q term,academic_servable
swnd practic worksheet modal,general
sprinffl water roof home summer,academic_servable
sorri,conversational
transform turn ratio n n amper connect v ac suppli primari e secondari circuit resist k ω ω respect find power output w b w aiim seri r c c w w,academic_servable
ಏ,junk
λ f f divid remaind an sol rightarrow frac frac lambda c_ time lambda divid give remaind number real root equat x x an sol f x x x begin array l f x x left x right left x right left x right end array,academic_non_servable
visual nation,academic_servable
compar follow ratio,academic_servable
get know exam centr,conversational
oki wil block,junk
,junk
prove infinit mani prome use logic algebra prove f r defin f x x f x heck f biject biject find f,academic_servable
prebar incom expenditur al additin inform wbeciph receiv r b outstand sabocipt c outstand salari wage p deprecint charg q sport equip,academic_servable
bye,conversational
academ doubt let know thank,conversational
solv,conversational
telephon electr bell work principl heat effect electr,academic_servable
differ sea breez land breez show hot air lighter cool air give exper phenomenon condens see area list rame oniy remov impur water explain one metod,academic_servable
blood oxygen caus climber becom wean cxia effect temperatur solubl gase liquid decreas rise temperatur wh dissolv gas molecul present liquid phase proc dissolut consid similar condens evolv process learnt last section dissolut process involv dynam equilibrium thus must fo le chateli principl dissolut exotherm process solubl decreas increas temperatur intext question h toxic gas rotten egg like smell use qualit analysi solubl h water stp calcul henri law constant henri law constant c water p k calcul quantiti c l soda water pack c pressur k,academic_non_servable
,junk
द रकणणम त क पर चय स द ध क ज ए क sec tan tan sec स द ध क ज ए क sec θ cosec θ sin θ co θ tan θ cot θ sec θ cosec θ स द ध क ज ए क sin co cot tan sec cosec स द ध क ज ए क sin θ sin θ sec θ tan θ ii co θ co θ cosec θ cot θ स द ध क ज ए क tan cot cot tan sec cosec स द ध क ज ए क tan sec tan sec sin co यद tan sin और tan sin n त द ख इए क n pm sqrt n यद x co θ b sin θ और sin θ b co θ त द ख इए क स द ध क ज ए क sin cosec co sec tan cot स द ध क ज ए क tan cot sec cosec स द ध क ज ए क sec tan sec tan sec tan tan स द ध क ज ए क co co co co cosec यद sin sin b sin c sin sin b sin c त co co b co c क बर बर ह यद tan θ e त स द ध क ज ए क sec θ tan θ cosec θ e स द ध क ज ए क sin θ co θ sin θ co θ sec θ tan θ यद co α co β और co α sin β n त स द ध क ज ए क n co β n यद sec θ x x त स द ध क ज ए क sec θ tan θ x य x,academic_servable
get admiss bam neet mark,conversational
find sum n term seri,academic_servable
kon,junk
byyyy,junk
bord question papar chai aha amko,junk
dile aeaulidul struggl,junk
kcet result,academic_servable
c h c h c h c h,junk
teach commerc,academic_servable
sum age raj ben year five year ago raj age twice ben find age,academic_servable
okay thank,junk
f x x x f x f x h x x h x h x h x b x h x h x h x h f x f x x x x x x x x x x f x x x find f h f h,academic_servable
mani question given kcet current electr,academic_servable
b colour eye differ use c check sight person minimis time p c complet signatur teacher worksheet choos correct answer photoreceptor follow rod b cone c light cell choroid c pupil tongu tast bud locat wall b papilla b pili papilla c fimbria hypermetropia concern near sight ness b glaucoma c far sight ness cataract cerumin sebac gland ear pinna help keep ear canal lubric prevent entri dust particl ear canal produc sweat oil b lipid sweat c lipid oil wax oil identifi correct sequenc vibrat sound impuls reach brain extern ear tympanum middl ear oval window cochlea organ corti brain b tympanum extern ear middl ear oval window cochlea brain c extern ear oval window round window cochlea brain middl ear oval window extern ear middl ear round window cochlea brain septum divid nasal caviti two halv nostril septum b nasal septum c mucous septum none import part brain coordin nervous endocrin system diencephalon b cerebrum c hypothalamus cerebellum volatil compound usual high boil point b moder boil point c low boil point none identifi incorrect pair tactil receptor touch b pacinian corpuscl pressur cigustatori receptor temperatur olfactori receptor smell absili educ manag pvt ltd,academic_non_servable
may pa hoga,junk
scienc take u scienc take u age machin war worst exampl wish anoth hundr year scienc actual le noth keep scienc goe rais problem realli need world today scienc realli goal object type question lesson happi princ drop come happi princ son seamstress cri want go egypt true fals poor seamstress given swallow gold ii sapphir iii rubi iv orang order pull statu happi princ mayor ii swallow iii seamstress iv playwright statu happi princ decor diamond true fals sent bring two precious thing citi mayor ii god iii angel iv match girl man garret write lesson scienc take u modern drug decreas averag span life human be true fals machin give u hour hard work ii leisur iii life iv health name two non materi thing mention lesson accord writer scienc le noth materi thing true fals age group overcrowd today childhood ii middl age group iii upper age group iv none scienc help man live forev ii iii longer iv short life lesson bed naeem hospit author regain eyesight true fals author meet hospit ward naeem ii bobbi gillian iii subbiah iv della author regain eyesight first oper ii second oper iii third oper iv fourth oper author lost eyesight author knew naeem also blind true fals naeem urg author start danc ii sing iii studi iv paint poem charact happi man happi man envi none ii friend iii everyon iv rich happi man obey rule traffic ii king iii good iv govern happi man afraid death true fals poem death level,academic_non_servable
,junk
fo iit colleg,junk
student art,general
neha mother sick make veget soup mother servesit get veget back soup type chang repres b valu neha action show,academic_non_servable
iuiddd,junk
answer detail,conversational
potalickl mark correct option forc appli move bodi may bring rest b decreas speed cl increas size appli forc direct motion bodi bodi witl lalstop move b move increas speed c move decreas speed move differ direct abodi float water weight bodi exceed forc exert water b lesser forc exert water icl equal forc exert water none state motion bodi describ lal speed b direct motion iclit speed direct motion td none unit pressur name lalnewton b einstein c darwin pascal fill blank correct word forc made act larger area pressur two forc act direct result forc forc appli stop move bodi appli forc direct direct motion pressur liquid column depth column construct worker use musculifgrc carri brick ake line pair attach column column b column b forc earth attract thing standard unit pressur forc exert magnet iron nail standard unit forc piec rope pressur exert weight air netic forc tor true statement f fals one push pull act bodi call pressur ball roll along ground come rest gravit forc contact forc need physic contact two object effect scienc connect,academic_non_servable
board r go strt,conversational
get good mark physic chemistri,conversational
uyuiii,junk
bio,academic_servable
differ adolesc ka video send,conversational
want answer,conversational
februari first languag ε februari second langua februari geographi februari histori februari life scienc march mathemat march physic scienc march option electi subject,general
x x,junk
oo,junk
radius circl pas focus ellips x centr,academic_servable
ntse take na,general
test,general
ok byy,conversational
trigonometri formula,academic_servable
अपन क म स क म रखन,junk
scieceboardmodelpapertestmhboard,junk
x x,junk
plea help,conversational
hindi subject,conversational
cell e f e intern resist r connect across variabl resistor r plot graph show variat termin potenti v resist r predict graph condit v becom equal e,academic_servable
simplifi follow express x x ii x x x x iii x x iv n n n v b b b b algebra express ident,academic_servable
share instagram id,general
ask academ doubt,conversational
th que,conversational
gujrat polic,general
sum,academic_servable
revis neet exam regular,general
yehi,junk
check correct equat,academic_servable
n,junk
activ mouth test tube caution step must perform care teacher happen case gas present test tube,general
q particlestart rest move uniform acceler move constant veloc second later slow come rest second draw veloc graph motion bodi answer follow question maximum veloc attend bodi b distanc travel period acceler c distanc travel bodi move constant veloc retard bodi slow e distanc travel retard f total distanc travel,academic_servable
영 interpret pth antbodi end report c,academic_servable
complet step wise answer question,academic_non_servable
explain civic ch,general
ka mean hindi,conversational
standard attend board exam like standard bangalor,general
lim x x b x c x c valu b c equal,academic_servable
chhodo,junk
want th class workbook th unit read trip andaman,general
gfdn,junk
plz solv question,conversational
object place hook spring balanc pointer read,academic_servable
kinda like app star rate,junk
rkffjfjfjffjvivkv,junk
pls answer,conversational
tell hlndi answer,conversational
question fill number blank correct form word given bracket copi passag write correct serial order word phrase appropri blank space exampl spent ibrahim ibn adham princ small kingdom persia pious spent spend mani hour everi day prayer offer prayer beauti bejewel mosqu palac one day pray hear loud thump sound roof sound like clatter hors hoov rush look roof sure enough palac guard twenti men horseback earth guard yell back look camel majesti exampl stre came repli royal palac answer offer heard bejewel dotter sound rush b fill blank appropri word lisung usual advantag iii cat run iv ill pull v chequ enclos jay letter vi pedestrian knock vii peopl chang viii water flow ththough pipe total english x,academic_non_servable
friend,junk
chapter law motion rod suspend help massless string b shown rod hing point draw free bodi diagram rod rod b place insid rough spheric shell shown fig draw free bodi dlagram rod fig,academic_servable
bhi embib,junk
question,conversational
hi r u,conversational
direct indirect speech,conversational
class math,general
clear basic thing matter around u,conversational
cellular respir,general
fossil fuel give exampl,academic_servable
plea get pdf equat everi lesson th class ncert textbook,general
thank much love u,conversational
curriculum ic,general
question follow contribut increas stroke volum exercis increas contractil cardiac muscl b increas sympathet stimul ventricular muscl c increas venous return increas length fill time diastol,academic_servable
evalu e x x e x,academic_servable
અधવ x x x ग x x વड ભ ગ ભ ગફ તથ શ ષ भ งવ ह य त त परथ व व घ त जह पह म ળव हटल cot co sin न f भत श घ અથव,academic_servable
tq,junk
network four capacitor capacit μf connect across batteri v shown figur find net capacit energi store capacitor,academic_servable
english telugu model paper vastundand,general
sir,conversational
open doubt,conversational
problem,academic_servable
real number,academic_servable
,junk
,junk
general,general
notl embib creat free account drdo ceptam syllabus check topic wise drdo syllabus cse comput scienc engin rac drdo syllabus comput scienc engin given rac drdo syllabus cse descript paper rac drdo syllabus descript paper list engin mathemat linear algebra matric determin system linear equat eigenvalu eigenvector lu decomposit orthonorm base transform fourier dct wavelet b calculus limit continu differenti maximum minimum mean valu theorem integr vector calculus gradient diverg curl integr theorem c probabl random variabl probabl distribut uniform normal exponenti poisson binomi mean median mode standard deviat condit probabl bay theorem inform theori shannon entropi inform condit inform discret mathemat proposit first order logic set relat function partial order lattic group graph connect match colour combinator count recurr relat generat function digit logic boolean algebra combin sequenti circuit minim number represent comput arithmet fix float point comput organ architectur machin instruct address mode assembl languag alu data path control unit instruct pipelin memori hierarchi cach main memori secondari storag interfac interrupt dma mode risc cisc parallel architectur program data structur program c function structur memori manag recurs array stack queue link list tree binari search tree binari heap graph object orient program basic algorithm search sort hash asymptot worst case time space complex algorithm design techniqu greedi dynam program divideand conquer graph search minimum span tree shortest path,academic_non_servable
grammar practic class follow sentenc use idiom melani visit hometown felt like fish water b rita wish could dive headfirst cold water c brother could never see eye eye issu minerva excel candid lead inform technolog team know system insid identifi idiom use sentenc sit fenc choos sentenc use idiom incorrect make fuss end world b jill said walk ninth cloud chosen team c gave mia eye retum book page rip titl book familiar ring sure read mean underlin idiom dialogu know matt le go bunge jump water ski sonya thank adventur sport cup tea fill blank correct anim name complet idiom hold take note quick fli b harri someth lone make friend easili c david open began imit friend new year parti ben like china shop alway knock thing bull e realli love wall nicol tell adam leav hors wolf worm jake mother complain friend fill blank correct idiom drag foot nine time ten like water duck back drive wall play fire jake leav applic late say anyth although come would realli help much enough worri alreadi,academic_non_servable
arithmet mean observ b varianc ab,academic_non_servable
reporl write,academic_servable
simplifi b x x,academic_servable
good even rohini th grade want know plant tissu,general
use hydrogen tabl,academic_servable
class x,general
verifi roll theorem f x x x x f x x x x f x polynomi f x continu ii f x differenti iii f x x x x begin align f r sqrt sqrt sqrt f b f sqrt sqrt sqrt sqrt f f b end align three condit roll h satisfi exist least one point x c begin array lc f prime x f x x x x c c f prime x x x c frac c f prime x x x end array lie bet n fot x c roll thm verifi shot vivo al camera,academic_non_servable
studi follow cross answer question follow mathrm x circ mathrm colour blind man gamet give phenotyp offspr number ii give phenotyp genotyp ratio cross iii name state mendel law explain cross,academic_non_servable
differ dna rna,academic_servable
qurdrat equat q x x ii q x x,academic_servable
rtjrjdrir,junk
ask general doubt,conversational
calcul r unknown solid,academic_servable
ok,conversational
major roadblock an dust remov mirror shine reflect becom c an kalam word wisdom get learn countless mind an gather sand conscienc guid best friend an take thought respons wrong se an,conversational
imag click,academic_servable
tell solut,conversational
case studi inform relat trade manufactur profit loss account firm b c begin tabular lc lr hline expens incom hline purchas good sold wage incom power fuel sell expens offic expens depreci misc expens financi expens net profit total total hline end tabular,academic_non_servable
q follow question select number place sign question mark given altern an question,academic_non_servable
class,general
eccentr conic repres curv x x,academic_servable
book given school prepar olympiad,general
root x b x c whose b c r non real complex c b c b c b c b none,academic_servable
embib educ busi account embib world advanc artifici intellig power learn platform offer personalis guidanc student cuthank much mbibe edncat help hide contact name seauriti,junk
q describ brief account follow syndrom chromosom combin respect x b x x,academic_servable
ह द म ब त कर,conversational
tell,conversational
nchmct jee mcq base examin,general
okkk thank,conversational
love,conversational
find deriv x n n x constant,academic_servable
imag format convex mirror,academic_servable
girl number,academic_servable
magnitud acceler block shown figur zero,academic_servable
mark mark given reaction sequenc product,academic_servable
thank u,conversational
advis,junk
ba mdu dde nd year ke kate fee ka sath kitn fee h,junk
number box top ladder lie box top ladder c lie write follow numbert wotla exampl thirti one number box bottom ladder b lie last number jump yout hous group count object,academic_non_servable
पर घ ट क स ई एव म नट क स ई क ब च क ण कब बन ग,academic_servable
linear inequ,academic_servable
world blood day,junk
talk expert,conversational
academic_doubt,junk
kanada,junk
plea solv,conversational
eamcet weightag chapter wise mark,general
bodi cover one third distanc speed v next one third speed v last one third speed v averag speed,academic_servable
recharg pho kroi aini le,academic_servable
exercis heat transfer heat conduct thermal resist slab seri parallei two metal rod equal length cross section thermal conduct k k weid shown k_ quad k_ equival thermal conduct result rod k k k k k k k k k k k k uniform metal ring centr c two point b maintain two differ constant temperatur angl c b θ known θ rate heat flow b w rate heat flow θ,academic_servable
basic comput system,academic_servable
need histori note,conversational
class ncert scienc ka chapter question answer,general
p k b ω newer version app avail updat later topic,conversational
न म नल स ख य ओ क ज ञ त क ज ए,junk
student aetiv report write pratic work logariiim matiilmaticai tabi,academic_servable
machin robot answ queri,academic_servable
mmc,junk
mya mai scienc padh sakta hu,general
want short note chemic equilibrium chapter jee,general
write number seventi lakh seven figur ishwari wrote one zero le two seven much number ishwari wrote le given number le le biggest fraction among follow,academic_non_servable
th ncert chapter cell structur,general
hindi ka paper chi,conversational
znmz,junk
,junk
fatent heat iiceif regel dew point humid specif heat capacifi differ heat temperd differ way heat transfer tarard leamt heat differ type thw experi relat expans contract solida heat temperatur hetion solid,academic_servable
kannada subject imp note,conversational
x x x x,junk
million,junk
sum consecut odd number find mid number,academic_servable
ask general question,conversational
need month time tabl prepar class th board exam score percentag,general
fill number blank correct form word given bracket donot copi passag write correct serial order word phrase appropri blank space exampl sent arich man send servant orchard buy appl buy sweet appl none instruct servant owner orchard said servant appl sweet tri one know sweet tast one must tri one buy take bite appl buy master fli rage saw appl bite demand ask sweet appl sir know unless tri one answer servant hinswer winbtrusa,academic_non_servable
level coin score compar gametophyt bryophyt gametophyt vascular plant tend smaller larger sex organ b larger smaller sex organ c larger larger sex organ smaller smaller sex organ,academic_servable
q aayush kumar mandal q search appear see often appear search result resourc privat creator mode get discov showcas content profil get access creator tool network see manag connect interest show resourc good hardwork nice person activ start post follow aayush kumar mandal post happi share start new posit custom servic repres indian railway aayush kumar mandal post,academic_servable
hindi ka puch sakt hai sir ji,conversational
im unabl add choic interest,academic_non_servable
electr travel easili insul b conductor c protector oper,academic_servable
syllabus syllabus,junk
plea revis chapter french revolut exam come soon,conversational
maximum valu sin theta sintheta costheta co theta,academic_servable
stephen hawk,junk
somewhat satisfi,junk
scope educ diagnosi use made,academic_servable
want ask question,conversational
sir phase cuet exam cancel examin hall phase cuet exam condust subject urdu chemistri math general start exam comput screen st done time select nd option general test timer start comput screen question invis comput screen call examin close comput tell wait time wait accord examin everyon gain action im wait hour examin kick student plea help phase exam conduct,academic_non_servable
pidikjppoyo,junk
written note ionic equilibrium class,general
want ask someth regard short term cours du sol,general
combin sentenc indieat bracket boy wrote letter boy went school saw mother glad two book read want take pen lie tabl sure finish work weak readi run pankaj spoke spoke minut weather clear start sun rose left bed punish quick late touch die help money present go drench watch work well went hospit hospit fame cancer treatment eat much ill polic came thief run away respect class teacher heard news went hospit hospit far return home saw old man sleep tree know man stand come tomorrow know respect other respect cottag wife hen hen laid egg everi day egg lid news सम च र far द र cottag झ मट स,academic_non_servable
video learn concept,general
q व त व क करण क द द ष क बत इए फक ष two disadvantag rationalis अत यध क प ज व न य जन तथ र ष ट र यकरण क अध र प रश न त तर प र क य व य वस य क स य जन व छन य ह er busi combin desir ज द श क औद य ग क और व य वस य क व क स क ल ए ह अन य क प रत स पर द ध व य वस य क जगत क ल ए बह त घ तव प त सर द क व रद ध एक स गठ त म र च ह त ह व य वस य क स ल भ उत प दन व यय म बचत श रम प ज सम बन ध म स ध र जम क क व क स व द श सहय ग आद क ल भ प र प त ह त ह सनज क सभ ल ग क ल भ ह त ह अत स य जन व छन य क ल क न एक मत यह भ ह क स य जन स ह न व ल ल भ क वर श क पनम न करन क ख ल छ ट नह द ज सकत ह प ज पत य द व र प र त र वस त ओ क म ल य पर न यन त रण म ग क आप र त पर न यन त रण स क स त र त म सरक र क हस तक ष प करन पड त ह सम ज व र ध क य श क ए तथ स य जन क न यन त त करन क ल ए सरक र क प र स न फ धर व र प स कह ज सकत ह क स य जन ग ल म ट ट क सम क म न र बन ल च ह श त न क म र त अत स य जन आर थ क तथ स म उह ज सकत ह जबक उसक उपय ग औद य ग क तथ स म ज क क,academic_servable
english class schedul cd,general
okay thank,junk
find sin x co x x,academic_servable
forc,junk
classand sub life scienc,general
solv use k map plot logic diagram begin tabular c c c c hline b c hline hline hline hline hline hline hline hline hline end tabular b begin tabular c c c c hline b c output hline hline hline hline hline hline hline hline hline end tabular begin tabular c c c c c hline b c hline hline hline hline hline hline hline hline hline hline hline hline hline hline hline hline hline end tabular begin tabular c c c c c hline mathrm mathrm b mathrm c mathrm hline hline hline hline hline hline hline hline hline hline hline hline hline hline hline hline hline end tabular c,academic_servable
mautiharatyad hicher secondari schod,academic_servable
jidj,junk
fill blank friction oppos surfac contact b friction depend surfac c friction produc sprinkl powder carrom board friction e stide friction static friction four child ask arrang forc due roll static slide friction decreas order arrang given choos correct arrang roll static slide b roli slide static c static slide roll slide static roll alida run toy car dri marbl floor wet marbl floor newspap towel spread floor forc friction act car differ surfac increas order wet marbl floor dri marbl floor newspap towel b newspap towel dri marbl floor wet marbl floor c towel newspap dri marbl floor wet marbl floor wet marbl floor dri marbl floor towel newspap suppos write desk tilt littl book kept start slide show direct friction forc act spill bucket soapi water marbl floor accid would make easier difficult walk floor explain sportsman use shoe spike iqbal push lighter box seema push similar heavier box floor appli larger forc explain slide friction le static friction give exampl show friction friend foe explain object move fluid must special shape,academic_non_servable
dost post priya_creation_ sharechat,junk
let f function defin jee main juli shift ii f x max sin x x π co x x π follow true f continu everywher differenti exact one point f differenti everywher f continu exact two point f continu everywher differenti exact two point,academic_servable
give answer,conversational
lkg student,junk
valu,academic_servable
need math,conversational
psi full form,academic_servable
bangl,junk
relat rms veloc kinet energi gase,academic_servable
cisf sylbass,junk
final,junk
आक त मध य n p र ख n q र ख p q q p तर n q क ढ,junk
stwoppor goa last week travel travellec goa last week thol hurri child hworirol passeng last sunday rob thiev roold glass drop,junk
gauss law magnit deriv,academic_servable
x x x x જ x અન x त x શ ધ એક થ લ મ ક ટલ ક પ સ ન અન ક ટલ ક પ સ ન સ ક ક ઓ છ સ ક ક ઓન ક લ સ ય છ અન બધ સ ક ક ઓન ક લ મ લ ય છ દર ક મ લ યન સ ક ક ન સ ખ ય શ ધ બ અ ક ન એક સ ખ ય ન દશકન અ ક એકમન અ કથ બમણ છ જ ત સ ખ ય ન અ ક ન અદલ બદલ કરવ મ આવ ત,junk
ಕನ ನಡ ಮ ಡ ಯ ನಲ ಲ ಪರ ಹ ರ ಕ ಡ,junk
send note,conversational
q,junk
revis,general
ड ब र इनर क त र क न य ल डस क अष टक क स त भ म भ प ए ज त ह त लन करक क ज ए ह र इनर क वर ग करण क क य स म ए ह यम य ड स क अष टक स द ध त क क य स म ए ह अव यवस थ त स व यवस थ त करन म न ड ल फ क आवर त स रण न य ल इस क अष टक स द ध त क अस व क र ह न क ब द भ कई व ज ञ न क न ऐस प रत र प क ख ज ज र रख ज सस तत व क ग णधर म क उनक परम ण द रव यम न क स थ स ब ध स थ प त ह सक तत व क वर ग करण क म ख य श र य र स रस यनज डम त र इव न व च म न ड ल फ क ज त ह तत य क आवर त स रण क प र र भ क व क स म उनक प रम ख य गद न रह उन ह न अपन स रण म तत व क उनक म ल ग णधर म परम ण द रव यम न तथ र स यन क ग णधर म म सम नत क आध र पर व यवस थ त क य ज नत थ क व ज ञ न क मदद स ब न ह स क ल क न प य र एव द ढ त स अ धव श व स असत य ध रण ओ एव गलत य क द र क य ज सकत ह उनक द व र प रस त व त तत व क व यवस थ क म न ड ल फ क आवर त स रण कह ज त ह आवर त स रण रस यन म एकम व स द ध त स ब त ह आ इसस नए तत व क ख ज क ल ए प र रण म ल जब म न ड ल फ न अपन क र य आर भ क य तब तक तत व ज ञ त थ उन ह न तत व क परम ण द रव यम न एव उनक भ त क तथ र स यन क ग णधर म क ब च स ब ध,academic_servable
field long broad one corner field pit long broad deep dug earth taken even spread remain part,academic_non_servable
mother along others_ worri,junk
moment inertia disc axi tangenti parallel surfac moment inertia axi tangenti perpendicular surfac,academic_servable
app commer stundet,conversational
bodi project upward veloc u pas certain point ground second time bodi pas point return journey u r b u c u q u g,academic_servable
solv follow differenti equat x x x co x,academic_servable
depart pre univers educ district p u colleg princip associ p u c year mid term examin date tlime p subiect physic iestruct part compulsori mox mark answer without relev diagram figura circult wherev necessari carri mark direct answer numer problem without detail solut carri mark answer follow question give one exampl natur phenomenon defin atom mass unit defin atom mass unit defin uniform speed vector specif defin uniform circular motion cross condit equilibrium particl condit equilibrium pa inertia rigid bodi mention si unit gravit constant nmj kg part b ii answer five follow question name strongest weakest fundament forc natur signific figur find signific figur player throw ball vertic upward direct acceler ball upward motion veloc highest point motion give express rang projectil explian symbol mention express maximum safe speed vehicl level road explain symbol inelast collis give one exampl defin centr mass system particl write express posit vector centr mass dimension space escap speed escap speed bodi vari mass bodi part c iii answer five follow question check correct equat dimension analysi v u distinguish path length displac deriv express result two concurr vector deriv express time flight projectil state law friction obtain graphic work done variabl forc deriv express torqu term angular momentum deriv express escap speed,academic_non_servable
yoyo,junk
math home work,conversational
ii iii iv find st term p whose th term th term n c e r th th term p respect find p th term p zero prove th term tripl th term c b e sum th th term p sum th th term find first three term p n c e r find th term p whose th term le th term first term n c e r exemplar problem th term p th term th term find p th term p three time first term th term exceed twice third term find th term general term,academic_servable
correct statement pertain adsorpt gas solid surfac adsorpt alway exotherm b physisorpt may transform chemisorpt high temperatur c physisorpt increas increas temperatur chemisorpt decreas increas temperatur chemisorpt exotherm physisorpt howev slow due higher energi activ,academic_servable
ono,junk
preran bhatti kisk siddhant ke aadhar pr kari krti,junk
use approxim x n find approxim valu sin equal π π x e e e e find slope point x block kept x plane flc,academic_servable
densiti depend mass,academic_servable
pu histori question paper bijapur district,general
mean,academic_servable
particl move along x axi origin x influenc forc f x n work done process j j f r j j x x,academic_servable
ह द,junk
type joint present shoulder,academic_servable
okay thank,junk
advidor pls,conversational
jharkhand academ council ranchi result class xi examin,general
ᴏᴋ,junk
लघ उत तर य प रश न प र र ष मस पर आध र त प रश न य क ल ड व भ जन एल र थ म क प रय ग करत ह ए न च द गई स ख य ओ क मस ज ञ त कर एव ii एव iii एव iv एव प र र प ii अभ ज य ग णनख ड क आध र पर मस एव लस न क लन पर आध र त प रश न न च द गई स ख य ओ क अभ ज य ग णनख ड ज ञ त कर ii iii iv अ कगण त क आध रभ त प रम य अर थ त अभ ज य ग णनख ड व ध स न म नल ख त क मस एव लस ज ञ त कर एव ii एव iii एव iv एव v एव प न ii एव iii क ल ए ज च कर क मस x लस स ख य ओ क ग णनफल,academic_servable
viscos b surfac tension c critic phenomenon temperatur entropi univers increas move toward maximum valu b decreas move zero c remain constant decreas increas period rate conjug acid b c h h strongest reduc agent k b g c l b r sum number neutron proton deuterium b c lithium show diagon relationship sodium b magnesium c calcium aluminium inorgan benzen b h n b b n h c h b n b h n h allotrop carbon graphit b diamond c fulleren carborundum first organ compound synthes laboratori urea b ethylen c methan acet acid ortho para nitrophenol separ destruct distil b steam distil c azeotrop distil separ number σ π bond present benzen b c region closest earth surfac stratospher b tropospher c mesospher thermospher ii fill blank choos appropri word given bracket heterogen ethyn homogen carbon monoxid fluorin mixtur compon complet mix electroneg element system one phase call equilibrium mixtur nitrogen call produc gas cyclic polymer give benzen,academic_non_servable
ask question,conversational
undertuitu,junk
q athlet complet one nound circular track diameten distanc cover displac end min,academic_servable
energi flow,academic_servable
let f x tan x x x x domain f x b c,academic_servable
chat gujrati,conversational
two particl b project build project speed v make angl horizont b speed v make angl horizont particl hit ground earlier particl particl b particl b hit time none kno,academic_servable
stop,conversational
hindi,conversational
ask expert,conversational
press hollow cone get moment inertia,academic_servable
shopkeep bought rice worth sold one third profit desir profit whole find sell price rest rice ii percentag profit rest rice mohan bought certain number note book sold percent loss price sell remain notebook gain whole,academic_non_servable
question given figur decid whether l parallel n,academic_non_servable
neet,conversational
class english subject regard,general
send gadya shahitya ka etiha,conversational
,junk
two year old,academic_servable
ok,conversational
plea tell fast,conversational
complet follow tabl begin tabular lll hline indic solut colour hline litmus lemon juic ldot ldot litmus ammonium hydroxid ldot ldot phenolphthalein ammonium hydroxid ldot ldot phenolphthalein hydrochlor acid ldot ldot turmer juic soap solut ldot ldot turmer juic orang juic ldot ldot red cabbag juic soap solut ldot ldot red cabbag juic hydrochlor acid ldot ldot hline end tabular,academic_servable
okey,junk
प ल ट क न क म क न कल इ ज न यर ग,junk
follow play major role format thunderstorm conduct b convect c radiat,academic_servable
differenci,junk
q differenti odrrom dildilif sentctiarti,academic_servable
kharif crop,junk
mathemat tri find ii discus umber express form p q p exercis call ration number number e find sum ii iii numero integer get ration number said iv v vi vii find onal number classifi posit negat ferat denomin posit integ iti en either numer denomin neg ii iii number examp iv,academic_non_servable
minimum valu sin x co x,academic_servable
,junk
ऊष म गत क,academic_servable
help practic speak,conversational
year old,junk
p find,academic_servable
major chang histori civic paper examin,general
sir plea send puc midterm paper answer thumakur kuniga road,conversational
म ध वम क स पर षद उ प र प रय गर ज हल जजए सह त r sin α x r sin sin x co x प र ज क ट क र यट sin x क पर आध र त एक व श ष ट प ठ यप स तक व षय स म यर क topicwis द य गय ह क प रत य क अध य य क exercis तथ स ध त उद हरण क यथ स थ न सम व श प रदर श क स चयन त प रश न क यथ स थ न सम व श ict black board activili आद क यथ स थ न सम व श व व ध प रश न वल द गई ह ज सम उच च स तर य प रश न hot question द ए गए ह स क न कर और त रन त प ए ग जन पर आभ श त ampl pobei,academic_servable
homework find sum n tem serin text ii frac x x frac x x frac x cdot,academic_servable
video sking,conversational
game chanc consist spin arrow come rest point one number see figur equal like outcom probabl point ii odd number iii number greater iv number le v mathemat concept use problem vi valu,academic_non_servable
bryg contein red white green ball one ball taken bog randian probobit ball drown red red either red white fiath card beurn one letter word mathemati card ploce tabl upsid find probabl card drawn bear letter student school like kabboddi remoin student nut tike gome ane atud select random student find probubl student select dosen like kabboddi fwo digit mumber form digit repetit digit allow find probabl number form prime number multipl multipl ii foce die bear number die roll twice find probabl product digit upper foce zero follow octiv actin fotal number student class number student class wear spectocl n probubl rundum solect student wear spectocl p probabl rundom select student wear spectocl p b activiri decid sampl space fill follow box samplo yuce cerdit cvent get cven number,academic_non_servable
st question,general
c,junk
an,conversational
understand physic without teacher detach year,academic_servable
question,conversational
thank sir,conversational
newton law,academic_servable
plea bhejo,conversational
biolog ka note,conversational
divid c heck answer correspond multipl followi b c e f divid find quotient remaind check answer b c e f find valu b c e f divid certain number quotient remaind find divisor,academic_non_servable
ok sir,conversational
,junk
three capacitor capacit μf μf μf connect seri v batteri find charg capacitor much work done batteri charg capacitor,academic_non_servable
pre primari tamil,academic_servable
paper lelo,general
plea send answer,conversational
solid potenti water potenti,academic_servable
need import shortcut comput,academic_servable
sanskrit sandhi test,general
q sin x x lie first quadrant tan x b c q set e x x posit integr root x x e b c q b x z number relat set set b b c q valu co co sin sin b c q b b b c q sin x sin x sin x sin b sin sin x c sin x sin,academic_servable
yaad rakhn yoge bindu show nhi ho rha hai,general
physic doubt capacit,conversational
thermodynam field,academic_servable
happen fail one subject class promot,general
level neet paper,general
physic,conversational
forc gravit two object mass k g k g respect kept distanc one anoth n n valu n gravit constant g time mathrm nm mathrm kg text,academic_servable
q एक प र न म क ल ए व र च लन क रख र क δ एव आपतन क ण क मध रत पर वर तन क ग र म ख च ए यद प र ज म क ण ह त mu frac sin left frac sin right sin frac text स ब ध क न ज य,academic_servable
trace edg follow object say type line got horizont edg pencil box b broken piec bangl c surfac loo thread vertic edg notebook e edg ruler f unsharp edg pair scissor g long edg set squar,academic_non_servable
llb mai admiss kaisi hoga,general
chiral obtic sabstanc genral occur pair molecut fnown obit isom object non super immpass mirrar imag said chiral properti known chiral chiral molecil obic activ th object super immpas thir mirrar imag call achir meoten obit activ sar x plame chiral molecul chlro butan,academic_non_servable
म गण त तकश प रक र च गल ग ण म ळ शकत,general
ask doubt,conversational
n n n,junk
want studi chapter,conversational
chahar bagh mean,academic_servable
book contemporari indian ncert th class question percentag mammal india danger extinct,general
find product verifi z x z x,academic_servable
ok thank,conversational
bay,junk
let x z real number satisfi system log x z log x log x z log log x z log z valu log x log log z b c,academic_servable
question,conversational
widmbl with mep andwl pediat,junk
particl move straight line accord veloc time graph shown fig calcul total cover distanc ii averag speed iii part graph maximum acceler present also find valu vi retard,academic_servable
ह द म भ ज,junk
main charact jee main got min mark,general
ev,junk
x x x,junk
b,junk
write test,general
unit convers chart quantiti,academic_servable
ह द म भ ज ए प र उत तर,junk
mam plz,conversational
q elast rubber steel explain q wire stretch certain amount load load radius increas four time find stretch caus wire,academic_servable
pair linea eouation two variabl form pair linear equat follow problem find solut exist elimin method add numer subtract denominatoa fraction reduc becom add denomin fraction ii five year ago nuri thrice old sonu ten year later nuri twice old sonu old nuri sonu iii sum digit two digit number also nine time number twice number obtain revers order digit find number iv meena went bank withdraw ask cashier give note meena got note find mani note r receiv v lend librari fix charg first three day addit charg day thereaft saritha paid book kept seven day susi paid book kept five day find fix charg charg extra day,academic_non_servable
figur p q r b c r two parallelogram p find measur angl b c r,academic_servable
vii lim x x x,academic_servable
histori teacher avail embib,conversational
shut,junk
hi said jamia milium islamia syllabus,conversational
tangent arawn point ellips x find equat chord contact midpoint chord chord contact,academic_servable
ask general question,conversational
solv,conversational
send english languag literatur syllabus pdf class session,general
connect expert,conversational
thank,conversational
और b क स कर य क क रमश द न और द न म कर सकत ह न अ क क र य प र रम भ क य तत पर य न द न ब द b स म म लत ह आ और क र य प र करन त द न न म लकर क य क य क र क ल क तन द न चल ह day द न day द न day द न dav द न dav द न dav द न men complet work day four day start work men join mani day take complet आदम एक क म क द न म कर सकत ह उनक फ म रह करन क च र द न ब द उनक स ध आदम और म ल गए उन ह श ष क म प र करन म अब और क तन द न तग day द न day द न day द न day द न men piec work day work togeth day men join mani day work complet आदम एक क म क द न म कर सकत ह उन ह न द न म लकर क म क य उसक ब द आदम उनक स थ श म ल ह गए क म क तन द न म प र ह आएग,academic_servable
want chandra post master pin code vijayawada mathemat linearequ one variabl find solut x x solv x x x solv x solv x solv x solv x x,academic_servable
sir want know embib art subject th class bihar board,general
find,academic_servable
byyiigdjlxyfvsl,junk
write short note acid rain,academic_servable
r v j sin x vi co x vii tan x viii cot x ix sec x x cosec x x sinh x xii cosh x,academic_servable
th class question,general
bond length distanc nucleus two atom join bond call bond length length coval bond two given atom depend whether sigma bond combin sigma π bond π bond e singl doubl tripl bond also depend type hybrid reson bond length le doubl bond singl bond le tripl bond doubl bond singl bond σ bond doubl bond one σ one π bond one σ two π bond bond length sigma bond differ type hybrid follow follow order σ bond p σ bond p σ bond p bond length two given atom approxim constant differ molecul depend upon condit unless affect induct effect mesomer bond length express angstrom unit bond length measur x ray crystallographi microwav spectroscopi bond valu may note valu bond length subject small chang depend structur environ bond experiment method use measur,academic_non_servable
find maximum minimum question physic,academic_servable
two ident box contain respect white red ball white red ball box chosen random ball drawn ball white probabl drawn first box,academic_non_servable
ok sir,conversational
thik,junk
sin,academic_servable
straight line concept one shot,academic_servable
neet ug ka form kb se appli hoga,conversational
syllabus class,general
jharkhand bord,junk
gm,academic_servable
choos correct option w r funaria begin tabular l l l hline domin phase altern phase hline short live long live hline form spore form gamet hline diploid haploid hline gametophyt sporophyt hline end tabular non archegoni embryophyt alga b broyphyt c angiosperm gymnosperr bryophyt show resembl alga format motil sperm fermmat absenc vascular tissu fermnat flagel presenc haploid gametophyt met b c b c tiverwort grammi aro non green multicelluar veget structur b green unicellular asexu bud c non green unicellular veget bud green multicelluar asexu bud follow brown alga massiv,academic_non_servable
sorri mam understand english,conversational
plea give guidanc confus abl decid better refer book english,general
thnxxxx dude,junk
day,conversational
differ ad bc,academic_servable
f x follow case f x x x ii f x x,academic_servable
want bio class,conversational
hindi,conversational
question career medicin make anim,academic_servable
sex,junk
answer plea,conversational
symmetr die thrown time probabl turn exact time,academic_non_servable
want studi physic neet know studi,general
main,general
expert,conversational
byy,junk
number,academic_servable
question solv,conversational
,junk
one,conversational
th question,conversational
find acceler bodi mass kg normal reaction n,academic_servable
show bisecto b c isoscel triangl b c prove altitud b c bisect b c adjoin figur given l n q r l p q imn p r prove p q p r,academic_servable
answer,conversational
r e,junk
okk thx,conversational
love wife mamtaaj maharani jiiiiiiiiiiiiiiiiiiii ke liy ji,junk
find valu c,academic_servable
एक व लयन म ग र म h व म म c h c h ह त व ल ज न क म ल प रम ज ह,academic_servable
bye,conversational
plea send stori,conversational
enzym,academic_servable
want suggest sst chapter write answer exam chapter must cover complet,conversational
eng lang,junk
sum oxid number carbon atom c,academic_servable
noo,junk
length breadth height room picost white wa shing wall respect find per,academic_servable
b c balloon move ground way acceler linear decreas height ground start ground acceler zero initi veloc acceler becom zero height speed balloon height b c ball thrown vertic upward return ball thrower bell,academic_servable
ruk,junk
,junk
syllabus class compart exam,general
raj ajay close friend famili decid go ranikhet car raj car travel speed x k h ajay car travel h faster raj car raj took hour ajay complet journey k distanc cover ajay car two hour x k b x k c x k x k follow quadrat equat describ speed raj car x x b x x c x x x x speed raj car k h u r b k h u r c k hour k h u r,academic_servable
general,general
th standard,conversational
want start neet prepar start th make shedul mention number day requir chapter,academic_non_servable
,junk
volum cone,academic_servable
express time term g univers gravit constant h planck constant c speed light proport jee main g h c c g h g h c h c g,academic_servable
give answer,conversational
begin tabular l r r r r r hline tax boldsymbol mathbf mathbf boldsymbol mathbf mathbf mathbf boldsymbol hline servic tax hline expenditur tax hline interest tax hline water tax hline end tabular mark answer right b b right c b right b wrong q growth rate servic tax higher incom tax period b growth rate servic tax lower period b c q ratio incom tax corpor tax higher b servic tax percentag expenditur tax greater b c q averag annual growth rate incom tax period time corpor tax period b averag annual growth rate interest tax given period b c,academic_non_servable
aeroplan fli sky uniform speed move vertic circl radius mass pilot k g forc exert pilot seat highest point circl take g n b n c n n,academic_servable
x x x x x x x split x factoris x x x x zero given x x therefor zero given polynomi exercis divid polynomi p x polynomi g x find quetient remaind follow p x x x x g x x ii p x x x x g x x x iii p x x x g x x check whether first polynomi factor second polynomi divid second polynomi first polynomi ii x x x x x x iii x x x x x x obtain zero x x x x two zero divid x x x polynomi g x quotient remaind x x respect find g x give exampl polynomi p x g x q x r x satisfi divis algorithm deg p x deg q x ii deg q x deg r x iii deg r x exercis optiom verifi number given alongsid cubic polynomi zero also verifi relationship zero coeffici case x x x ii x x x find cubic polynomi sum sum produet zero taken two time product zero respect exercis examin point view,academic_non_servable
hbse date,junk
identifi base student follow extern form upon ki power,academic_servable
hanji,junk
want previous year question paper st puc first test,general
b c kon kon sa sub hote hi,conversational
get sampl paper nd unit test,general
hcxigxjtdirdmg,junk
formula crack jee,general
chemistri imp board,general
wbjee ka result nahi dekh payea hai result dekhna hai,conversational
hindi bolo,conversational
deriv f x x x x x x b x x c x x x x,academic_servable
begin array l text 三 text प चन और text ज व व ज ञ न text प र एकल व कल प text ल बरक न प रग ह क कह प य ज त ह end array अग न य शय और अग न शय रस क स र व करत ह b छ ट आ त और प चन ए ज इम क स र व करत ह आम शय और स र व त तन h आम शय और स र व त ट र प स न,academic_non_servable
given project chemistri list various organ compound use make tribal costum rajasthan,academic_servable
asdfghjkl,junk
organ compound contain wt carbon remain percentag hydrogen right option empir formula compound atom wt c h,academic_servable
tumko kuch nhai ata,junk
point p q b r vertic parallelogram p q r find valu b,academic_servable
studi math,conversational
tri valu p follow pair equat uniqu solut x p x find valu k pair equat x k x repres parallel line valu k pair equat x x k repres coincid line posit valu p follow pair linear equat infinit solut begin array l p x p x p p end array,academic_non_servable
,junk
mathemat b c b ज న వ మ త త గ మ వ న న జ న లవ గ ల cosec b c c ఎరడ జమ బ డ క బ జగ b c ఆడరల లర జడగళ జ జ ర b c,general
sigma,junk
balo,junk
ball thrown ground veloc u angl θ horizont horizont rang ball ground r coeffici restitut e horizont rang collis e r e r e r r e,academic_servable
s,junk
easi mark choos incorrect statement two circl whose equat given x x text x x distanc two centr averag radius circl b circl centr lie insid region one anoth c circl pas centr circl two intersect point,academic_non_servable
margi look yet mama said mr jone probabl time tommi,junk
vacuol consid largest organell,junk
genm cell betwren two ct pent ateh human tbabi riod breast fed kat system matur human male reproduct syster,academic_servable
download embib,conversational
give exam ba rd yr appli ra jab,general
dictionari क ल डर त थ शब दक श शब द भ ष शब द वल प स तक व त त पर ध वर ग पर म प क ष त रफल व कर ण आयतन म त बच च ब दल प न वर ष म सम ब जल एक घड क इस तरह रख ज त ह क द पहर बज इसक म नट क स ई प र व दक ष ण क ओर ह इसक घण ट क स ई र त बज क स द श म ह दस ष ण उत तर पश चम उत तर प र व प र व,academic_servable
ask mbbi tping queston,conversational
doubt,conversational
account,junk
th,conversational
hackembib,junk
know claim know,junk
find locus circumcentr triangl whose two side along co ordin axe third side pas point intersect line x b c c x n,academic_servable
copi cut past content cell copi c r l c cut ctrl x past ctrl v column width row height worksheet specifi column width row height valu repres number charact display cell format standard font default column width charact default row height point column row width height hidden e visibl grid,academic_non_servable
compar pair thing box write two sentenc pair adject given help sun moon dog cat sahara thar desert train travel air travel adject bright cold friend hot cheap intellig small fast eg sun brighter moon moon smaller sun b c e f,academic_non_servable
undefin,junk
class write briefli import achiev ahom dynasti,academic_servable
मल उत तर कस क ढल त समजल न ह,junk
midpoint x join follow point x sum p follow option correct march b x c x x,academic_servable
place weight object pole equat,academic_servable
send,conversational
qi rightarrow x frac x quad x frac x,academic_servable
sir iit ka syllabus kiya h,conversational
give exact answer,conversational
mujh sirf itna batao ki kitn chapter mein formula hai th class,general
z compress factor van der waal equat low pressur written,academic_servable
go,conversational
keam rank obc interest comput scienc,general
chemic reaction,academic_servable
show two chord circl one near centr larger,academic_servable
situat shown fig minimum forc make part wholesystem move b follow valu forc find acceler two block natur valu friction two surfac n n,academic_servable
exampl find solut set k k x secant curv x k,academic_servable
plastid gujarati,junk
paragraph question no let f differenti function satisfi relat f x f x f x e x e x r f f equal e b e c e e note denot fraction part function valu lim x f x x x x b c let g x f x x equat g x k four distinct solut set valu k b c,academic_servable
l,junk
problem sum numer denomin fraction denomin increas fraction becom aind fraction,academic_non_servable
statement magnitud torqu forc given point depend upon locat origin co ordin system statement ii moment coupl differ differ point plane statement true statement ii true statement ii correct explan statement b statement true statement ii true statement ii correct explan statement c statement true statement ii fals statement fals statement ii true,academic_servable
screensgirt,junk
std,junk
mere matat kar,junk
quick,conversational
type academ doubt upload imag doubt click pictur take screenshot pls ask one question time answer question immedi,conversational
mean,academic_servable
locus point intersect perpendicular tangent drawn one circl x x,academic_servable
happen evapor condens water natur explain,academic_servable
helloo,junk
need solut,conversational
sir send physic note,conversational
ration number b b b b b subtract right ident b b say subtract ident exist invers invers subtract exist exercis b evalu subtract ii ii iii iv iii iv v vi v vi ration number,academic_servable
one question,conversational
ggggggggggmmmmbbbbb ggggggggggmmmmbbbbb,junk
mujh ek aisa dost chhaiy jo busi hokar bhi kahe tere liy hamesha free hoon,academic_servable
ok send,conversational
minimum valu sin x co x tan x operatornam cosec x sec x cot x quad text b c,academic_servable
opposit parti,junk
सबक ष त र ज क स थ ज क ण म ल क ज ए co co cosec cot b cosec cot c cot tan sec tan यद cot sec tan sec tan cosec cot b cosec cot c sec tan sec tan c cot cosec tan sec b c tan tan tan b tan sec,academic_servable
newton formula,academic_servable
nda,junk
nmms syllabus,junk
embib student app link pwbi net err_name_not_resolv,conversational
arjun ask lord krishna bg even though peopl want perform sin act like intox smoke gambl watch adult movi still forc also see peopl initi say drink smoke regul way later,academic_servable
bokachoda,junk
imag object situat distanc cm convex mirror form distanc cm mirror find focal length convex mirror also draw ray diagram,academic_servable
भ ष क व क स च म स क व इग त सक प य ज,academic_servable
yhuuh,junk
b c b b c equal b c b b c c b c b c,academic_servable
fj,junk
um horizont distanc g cricket throw ball maximum horiz speed cricket throw ball speed two bodi thrown sume intin b horizont rang ball thrown angl θ anoth ball second ball reach higher point speed launch angl horizont,academic_servable
distanc two fix posit charg e e l third charg q arrang equilibrium condit equilibrium charg q stabl displac line join e e unstabl,academic_servable
प स क एक ज ड क ब र उछ ल ज त ह यद प स पर प र प त अ क क द व क ह ल एक सफलत म न ज त ह त सफलत ओ क प र य कत ज ञ त क ज ए,academic_servable
aluminosil three dimension network sillic snape reactant silicon atom replac aluminium atom give al si framework reaction take place zeolit depend upon size product pore caviti zeolit found natur well synthesis catalyt zelit found natur well pore synthesis catalyt select zeolit wide use zeolit wide use catalyst petrochem industri crack hydrocarbon isomeris import zeolit catalyst use petroleum industri sm convert alcohol direct gasolin petrol dehydr give mixtur hydrocarbon mixtur hydrocarbon enzym enzym complex nitrogen organ compound molecul high molecular mass form colloid solut water effect catalyst catalys numer reaction especi connect natur process numer reaction occur bodi anim plant maintain life process catalys enzym enzym thus term biochem catalyst phenomenon known biochem catalysi mani enzym obtain pure crystallin state live cell howev first enzym synthesis laboratori follow exampl enzym catalys reaction invers cane sugar invertas enzym convert cane sugar glucos fructos c h q h l lavetas c h q c h aq cane sugar glucos fructos ii convers glucos ethyl alcohol zymas enzym convert glucos ethyl alcohol carbon dioxid c h q zymas c h h q c g glucos ethyl alcohol iii convers starch malto diastas enzym convert starch malto c h n q n h l distas n c h aq starch malto iv convers malto glucos malta enzym conver malto glucos c h q h malass c h q malto clucos v decomposit urea ammonia carbon dioxid enzym urea catalys decomposit n h c n h q h l unas n h g c g vi stomach pepsin enzym convert protein pep intestin pancreat trypsin convert protein amino acid hydrolysi whing milk curd enzymat reaction br hacili enzym present curd,academic_non_servable
व द य त च न सक य तर ग क त न स टर प क वर णन क ज ए प रक श क त त क य ह इसक आय ग ल ख ए एक म मदत क अवतल वर पण क सम म ख c द र पर रख बय ह दर पण क वक रत त र ज य c ह प रत ब ब क स थ त प रक त बत इय आइन सर ज क प रक र श व द य त क प रत प द त क ज ए ह इड र जन प रम ण क प च चन श र ण म तर गद र ध य ज ञ त कर श क स त र ल ख ए सबस बड व छ ट तर गद र ध य क स स पर स क ह त ह यह तर गव र ध य स प कट टम क क स स क ष त र म पहत ह न भ क य बल क स कहत ह इसक ब ण ल ख ए स पप र रकत व क स कहत ह यह क श न कगरक पर न र भय करत ह इसक म त रक भ ल ख ए l c r पर पथ म प रत ब य क ल ए स त र व यत पन न क ज ए त न स घ र त क श र ण क रम म ज ड गय ह उनक त ल य घ र त क ल ए व य जक प र प त क ज ए भ च म बकत व क व भ न न घटकर म स ब घ स थ प त क ज ए अजय अपन द स त क स थ टहलन वय थ वह स एक ट रक ग जर ज सर म ल ख व थ स वघ न व स फ टक स म क द रक स ज ज र ब ध थ द जम न क स पर स कर रह थ अजन न अपर न द स त क समक ष य क ट रक क गत क द र न उसक घ र प थ व क च म बक य क ष त र क क ष त र स ख व ओ क क टत ह फलस वर प उसक स र र पर व द य त व हक दल प र र त ह ज त ह प र र त आव ग क ज ज र क व द र क षरण ह त रहत ह ज सस व स फ टटक पव र थ स रक त बन रहत ह इइस अन च छ द क आघ र पर न म न प रश न क उत तर द ज ए म रर त व द य त व हक कब उत तपक न ह त ह प र र त व द य त ध र क द श बत र न व ल न यम क न म एव करन ल ख व ए अजय न क न म ल य क प रदर शन क त य अथव व जय अपन घर म लग प रत य वर त ध र व द य त आप र त म म स क क ट क ट क प य ज त र बदलन क ल ए न ग प चल रह ध एक एक वह च ल ल त ह ए फर श पर ग र पड उसक प त र अम त न च ल ल हट स ब और ज त पहनकर उस स थ न क ओर व ड लब य इउसज एक लकड क एक इ ड ल य और इसक सहरयत स म ख य आप र त क ब द क म य हस उन छ ध य क आध र पर ज म न मश र क उत तर व ज ए,academic_servable
anoth name non lumnious zone flame,academic_servable
c α β β α,junk
letter write kannada,academic_servable
answer question,conversational
maira mathemat bahaot week baa,general
ok tq much,conversational
main jo abhi test diya toh mujh kitna अ क म ल hai main jaana chahti hu sir,general
thank byy,conversational
hey embib,junk
cet exam test,general
three capacitor connect seri effect capacit μ f one capacitor remov effect capacit becom μ f capacit capacitor remov μ f b μ f c μ f μ f,academic_servable
mujh nhi samaj aa raha,general
find factor n n c p p q q find factor p p q q p c p q r p find factor,academic_servable
asinπ λ vt x covert frequenc,academic_servable
rainbow form,academic_servable
consid sequenc n n n n ldot text left frac a_ frac a_ a_ right cdot left frac a_ frac a_ a_ right cdot left frac a_ frac a_ a_ right ldot cdot left frac a_ frac a_ a_ right alpha left c_ right text alpha text,academic_non_servable
hy,junk
dentist use concav mirror,academic_servable
want previous year paper,general
